PDB	PDB_resolution	refinement_method	refinement_TMscore	length	UniProt	UniProt_entry	organism	protein_name	contact_chain	contact_ligand	contact_ion	contact_nucleotide	no_contact	alpha%	beta%	coil%	chameleon_sequence	chameleon_SS	chameleon_length	chameleon_partner_PDB	chameleon_partner_SS	div_SE	div_MM	avg_RMSF	avg_gyration	ECOD_domain_ID	ECOD_architecture	ECOD_ID	ECOD_PDB_delineation	ECOD_renum_delineation	ECOD_X	ECOD_H	ECOD_T	ECOD_F	CATH_ID	CATH_PDB_delineation	CATH_renum_delineation	CATH_class	CATH_architecture	CATH_topology	CATH_supfamily	SCOP_PDB_delineation	SCOP_renum_delineation	SCOP_class	SCOP_fold	SCOP_supfamily	SCOP_family	SWORD_ID	SWORD_quality	SWORD_renum_delineation	SWORD_PDB_delineation	sequence
2kdm_A	-	-	-	56	-	-	-	Igg binding protein	False	False	False	False	True	27	39	34	AKEEAIKE	EEEEEEEE	AKEEAIKE	2jws_A	HHHHHHHH	0.76	0.768	0.68	10.98	e2kdmA1	"""a+b two layers"""	221.3.1.3	1-56	1-56	"""beta-Grasp"""	"""-"""	"""Immunoglobulin-binding domains"""	"""IgG_binding_B"""	3.10.20.10	1-56	1-56	"""Alpha Beta"""	"""Roll"""	"""Ubiquitin-like (UB roll)"""	"""-"""	-	-	"""-"""	"""-"""	"""-"""	"""-"""	Optimal • Dom. n°1	0.000000	1-56	1-56	TTYKLILNLKQAKEEAIKEAVDAGTAEKYFKLIANAKTVEGVWTYKDEIKTFTVTE
2jws_A	-	-	-	56	-	-	a. gene	De novo protein	False	False	False	False	True	68	0	32	AKEEAIKE	HHHHHHHH	AKEEAIKE	2kdm_A	EEEEEEEE	0.611	0.709	1.5	12.03	-	"""-"""	-	-	-	"""-"""	"""-"""	"""-"""	"""-"""	1.10.8.40	1-56	1-56	"""Mainly Alpha"""	"""Orthogonal Bundle"""	"""Helicase, Ruva Protein; domain 3"""	"""Albumin-binding domain"""	-	-	"""-"""	"""-"""	"""-"""	"""-"""	Optimal • Dom. n°1	0.000000	1-56	1-56	TTYKLILNLKQAKEEAIKELVDAGIAEKYIKLIANAKTVEGVWTLKDEILTFTVTE
2r5r_A	3.05	MODELLER	-	249	Q82VD1	GCH4_NITEU	N. europaea	GTP cyclohydrolase FolE2	True	True	True	True	False	28	43	29	KSLLDYEV	EEEEEEEE	KSLLDYEV	2rca_B	HHHHHHHH	0.827	0.824	1.27	21.56	e2r5rA2, e2r5rA1	"""a+b two layers"", ""a+b two layers"""	230.1.1.8, 230.1.1.9	137-265, 20-136	140-268, 23-139	"""T-fold"", ""T-fold"""	"""-"", ""-"""	"""Tetrahydrobiopterin biosynthesis enzymes-like"", ""Tetrahydrobiopterin biosynthesis enzymes-like"""	"""GCHY-1_C"", ""GCHY-1_N"""	3.10.270.10	20-265	23-268	"""Alpha Beta"""	"""Roll"""	"""Urate Oxidase"""	"""Urate Oxidase;"""	-	-	"""-"""	"""-"""	"""-"""	"""-"""	Optimal • Dom. n°1	n/a	1-249	20-268	HIAIDRVGIKAIRHPVVVADKGGGSQHTVAQFNMYVNLPHNFKGTHMSRFVEILNSHEREISVESFEEILRSMVSRLESDSGHIEMAFPYFINKSAPVSGVKSLLDYEVTFIGEIKHGNQYSFTMKVIVPVTSLCPCSKKISDYGAHNQRSHVTISVRTNSFIWIEDIIRIAEEQASCELYGLLKRPDEKYVTERAYNNPKFVEDIVRDVAEVLNHDDRIDAYIVESENFESIHNHSAYALIERDKRIR
2rca_B	1.58	MODELLER	-	292	Q8VHN2	NMD3B_RAT	R. norvegicus	Glutamate receptor ionotropic, NMDA 3B	True	True	True	True	False	34	24	42	KSLLDYEV	HHHHHHHH	KSLLDYEV	2r5r_A	EEEEEEEE	0.679	0.753	1.46	20.44	e2rcaB1, e2rcaB2	"""a/b three-layered sandwiches"", ""a/b three-layered sandwiches"""	7523.1.1.55, 7523.1.1.66	4-140,249-285, 141-248	4-140,249-285, 141-248	"""-"", ""-"""	"""-"", ""-"""	"""Periplasmic binding protein-like II"", ""Periplasmic binding protein-like II"""	"""SBP_bac_3_1st"", ""Lig_chan_5"""	3.40.190.10, 3.40.190.10	4-140,252-285, 141-251	4-140,252-285, 141-251	"""Alpha Beta"", ""Alpha Beta"""	"""3-Layer(aba) Sandwich"", ""3-Layer(aba) Sandwich"""	"""D-Maltodextrin-Binding Protein; domain 2"", ""D-Maltodextrin-Binding Protein; domain 2"""	"""Periplasmic binding protein-like II"", ""Periplasmic binding protein-like II"""	-	-	"""-"""	"""-"""	"""-"""	"""-"""	Optimal • Dom. n°1, Optimal • Dom. n°2	****, ****	1-140,248-292, 141-247	1-140,248-292, 141-247	GSARPKLRVVTLVEHPFVFTRESDEDGQCPAGQLCLDPGTNDSARLDALFAALVNGSVPRTLRRCCYGYCIDLLERLAEDLAFDFELYIVGDGKYGALRDGRWTGLVGDLLAGRAHMAVTSFSINSARSQVVDFTSPFFSTSLGIMVRTRGTELSGIHDPKLHHPSQGFRFGTVWESSAEAYIKASFPEMHAHMRRHSAPTTPHGVAMLTSDPPKLNAFIMDKSLLDYEVSIDADCKLLTVGKPFAIEGYGIGLPQNSPLTSNLSEFISRYKSSGFIDLLHDKWYKMVPCGK
2z13_A	1.84	MODELLER	-	133	Q5JST6	EFHC2_HUMAN	H. sapiens	EF-hand domain-containing family member C2	True	True	True	True	False	10	39	51	AYLEEEVL	EEEEEEEE	AYLEEEVL	3b0p_A	HHHHHHHH	0.728	0.747	3.26	16.84	e2z13A1	"""beta barrels"""	220.1.1.7	1-116	8-116	"""PH domain-like"""	"""-"""	"""PH domain-like"""	"""DUF1126"""	2.30.29.170	6-127	6-127	"""Mainly Beta"""	"""Roll"""	"""PH-domain like"""	"""-"""	-	-	"""-"""	"""-"""	"""-"""	"""-"""	Optimal • Dom. n°1	n/a	1-133	1-133	GSSGSSGWVAFDKQVLSFDAYLEEEVLDKSQTNYRIRYYKIYFYPEDDTIQVNEPEVKNSGLLQGTSIRRHRITLPPPDEDQFYTVYHFNVGTEVVFYGRTFKIYDCDAFTRNFLRKMGVKVNPPVQSGPSSG
3b0p_A	1.7	MODELLER	-	318	Q5SMC7	DUSAL_THET8	T. thermophilus	tRNA-dihydrouridine(20/20a) synthase	True	True	True	True	False	50	14	36	AYLEEEVL	HHHHHHHH	AYLEEEVL	2z13_A	EEEEEEEE	0.894	0.884	1.11	21.31	e3b0pA1	"""a/b barrels"""	2002.1.1.39	2-318	2-318	"""TIM beta/alpha-barrel"""	"""-"""	"""TIM barrels"""	"""DHO_dh"""	1.20.120.1460, 3.20.20.70	244-318, 2-243	244-318, 2-243	"""Mainly Alpha"", ""Alpha Beta"""	"""Up-down Bundle"", ""Alpha-Beta Barrel"""	"""Four Helix Bundle (Hemerythrin (Met), subunit A)"", ""TIM Barrel"""	"""-"", ""Aldolase class I"""	-	-	"""-"""	"""-"""	"""-"""	"""-"""	Optimal • Dom. n°1, Optimal • Dom. n°2	****, ****	1-249, 250-318	1-249, 250-318	MLDPRLSVAPMVDRTDRHFRFLVRQVSLGVRLYTEMTVDQAVLRGNRERLLAFRPEEHPIALQLAGSDPKSLAEAARIGEAFGYDEINLNLGCPSEKAQEGGYGACLLLDLARVREILKAMGEAVRVPVTVKMRLGLEGKETYRGLAQSVEAMAEAGVKVFVVHARSALLALSTKANREIPPLRHDWVHRLKGDFPQLTFVTNGGIRSLEEALFHLKRVDGVMLGRAVYEDPFVLEEADRRVFGLPRRPSRLEVARRMRAYLEEEVLKGTPPWAVLRHMLNLFRGRPKGRLWRRLLSEGRSLQALDRALRLMEEEVGE
2a6x_A	1.55	MODELLER	-	226	Q12396	EMP46_YEAST	S. cerevisiae	Protein EMP46	True	True	True	True	False	6	43	50	SVTAFLND	EEEEEEEE	SVTAFLND	1qcy_A	HHHHHHHH	0.903	0.907	1.0	17.02	e2a6xA1	"""beta sandwiches"""	10.1.1.22	8-224	5-221	"""jelly-roll"""	"""Concanavalin A-like"""	"""Concanavalin A-like lectins/glucanases"""	"""Lectin_leg-like"""	2.60.120.200	8-225	5-222	"""Mainly Beta"""	"""Sandwich"""	"""Jelly Rolls"""	"""-"""	8-225	5-222	"""All beta proteins"""	"""Concanavalin A-like lectins/glucanases"""	"""Concanavalin A-like lectins/glucanases"""	"""Lectin leg-like"""	Optimal • Dom. n°1	n/a	1-226	4-229	GSDELKWNKGYSLPNLLEVTDQQKELSQWTLGDKVKLEEGRFVLTPGKNTKGSLWLKPEYSIKDAMTIEWTFRSFGFRGSTKGGLAFWLKQGNEGDSTELFGGSSKKFNGLMILLRLDDKLGESVTAFLNDGTKDLDIESSPYFASCLFQYQDSMVPSTLRLTYNPLDNHLLKLQMDNRVCFQTRKVKFMGSSPFRIGTSAINDASKESFEILKMKLYDGVIEDSL
1qcy_A	2.3	-	-	193	P56199	ITA1_HUMAN	H. sapiens	Integrin alpha-1	False	False	True	False	False	39	21	39	SVTAFLND	HHHHHHHH	SVTAFLND	2a6x_A	EEEEEEEE	0.921	0.922	0.71	15.87	e1qcyA1	"""a/b three-layered sandwiches"""	2006.1.6.9	142-333	2-193	"""HAD domain-like"""	"""HAD domain-related"""	"""vWA-like"""	"""VWA"""	3.40.50.410	141-333	1-193	"""Alpha Beta"""	"""3-Layer(aba) Sandwich"""	"""Rossmann fold"""	"""von Willebrand factor, type A domain"""	141-333	1-193	"""Alpha and beta proteins (a/b)"""	"""vWA-like"""	"""vWA-like"""	"""Integrin A (or I) domain"""	Optimal • Dom. n°1	n/a	1-193	141-333	TQLDIVIVLDGSNSIYPWDSVTAFLNDLLKRMDIGPKQTQVGIVQYGENVTHEFNLNKYSSTEEVLVAAKKIVQRGGAQTMTALGTDTARKEAFTEARGARRGVKKVMVIVTDGESHDNHRLKKVIQDCEDENIQRFSIAILGSYNRGNLSTEKFVEEIKSIASEPTEKHFFNVSDELALVTIVKTLGERIFA
2le1_A	-	-	-	151	Q47KK8	Q47KK8_THEFY	T. fusca	SRPBCC family protein	False	False	False	False	True	25	34	41	LVERLVER	EEEEEEEE	LVERLVER	2ztg_A	HHHHHHHH	0.853	0.843	1.31	15.98	e2le1A1	"""a+b two layers"""	331.3.1.15	1-151	1-143	"""TBP-like"""	"""-"""	"""Bet v1-like"""	"""Polyketide_cyc2"""	3.30.530.20	1-151	1-151	"""Alpha Beta"""	"""2-Layer Sandwich"""	"""Alpha-D-Glucose-1,6-Bisphosphate; Chain A, domain 4"""	"""-"""	1-143	1-143	"""Alpha and beta proteins (a+b)"""	"""TBP-like"""	"""Bet v1-like"""	"""-"""	Optimal • Dom. n°1	n/a	1-151	1-151	MATLRRSVEVAAPAADVWTLVGDFSAIHRWHPQVSAPTLRGASPHTPGAERVFGAGTEEELVERLVERDESARRLVYTMPDPPFPITNHRAVLEVVPRDDRHCTVVWTAMFDCSPETARELESVIGDGVFAVGLNALAERYGRLEHHHHHH
2ztg_A	2.2	MODELLER	-	739	O28029	SYA_ARCFU	A. fulgidus	Alanine--tRNA ligase	False	True	True	False	False	37	24	39	LVERLVER	HHHHHHHH	LVERLVER	2le1_A	EEEEEEEE	0.883	0.915	1.53	29.85	e2ztgA4, e2ztgA3, e2ztgA2, e2ztgA1	"""beta barrels"", ""alpha complex topology"", ""a+b two layers"", ""a+b three layers"""	1.1.7.56, 613.1.1.1, 309.1.2.5, 314.1.1.14	488-587, 257-487, 589-739, 1-256	488-587, 257-487, 589-739, 1-256	"""cradle loop barrel"", ""-"", ""LuxS, MPP, ThrRS/AlaRS common domain"", ""-"""	"""RIFT-related"", ""-"", ""LuxS, MPP, ThrRS/AlaRS common domain"", ""-"""	"""Alanine racemase-C"", ""Putative anticodon-binding domain of alanyl-tRNA synthetase (AlaRS)"", ""ThrRS/AlaRS editing domain"", ""Class II aaRS and biotin synthetases"""	"""tRNA-synt_2c_3rd"", ""tRNA-synt_2c_2nd"", ""tRNA_SAD"", ""tRNA-synt_2c_1st"""	2.40.30.130, 3.30.54.20, 3.30.930.10, 3.30.980.10	491-588, 660-714, 2-257, 589-659,715-739	491-588, 660-714, 2-257, 589-659,715-739	"""Mainly Beta"", ""Alpha Beta"", ""Alpha Beta"", ""Alpha Beta"""	"""Beta Barrel"", ""2-Layer Sandwich"", ""2-Layer Sandwich"", ""2-Layer Sandwich"""	"""Elongation Factor Tu (Ef-tu); domain 3"", ""Replication Terminator Protein; Chain A, domain 2"", ""BirA Bifunctional Protein; domain 2"", ""Threonyl-tRNA Synthetase; Chain A, domain 2"""	"""-"", ""-"", ""Bira Bifunctional Protein; Domain 2"", ""Threonyl-trna Synthetase; Chain A, domain 2"""	-	-	"""-"""	"""-"""	"""-"""	"""-"""	Optimal • Dom. n°1, Optimal • Dom. n°2, Optimal • Dom. n°3	***, ***, ***	1-264,474-489, 265-473, 490-739	1-264,474-489, 265-473, 490-739	MTLDEEYLDITFLTENGFVRKRCPKCGKHFWTADPEREICGDPPCESYSFIGNPVFKKPFELDEMREYYLNFFERRGHGRIERYPVVARWRTDIYLTIASIADFQPFVTSGVAPPPANPLTISQPCIRLDDLDSVGRTGRHLTLFEMMAHHAFNYPGKEIYWKNETVAYCTELLNELGVKKEDIVYKEEPWAGGGNAGPCLEAIVGGLEVATLVFMNLEEHPEGDIEIKGARYRKMDNYIVDTGYGLERFVWASKGTPTVYDAIFPEVVDTIIDNSNVSFNREDERVRRIVAESSKLAGIMGELRGERLNQLRKSVADTVGVSVEELEGIVVPLEKVYSLADHTRCILFMLGDGLVPSNAGAGYLARLMIRRSLRLAEELELGLDLYDLVEMHKKILGFEFDVPLSTVQEILELEKERYRTTVSKGTRLVERLVERKKKLEKDDLIELYDSHGIPVELAVGIAAEKGAEVEMPKDIYAELAKRHSKAEKVQEKKITLQNEYPATEKLYYDDPTLLEFEAEVIGVEGDFVILNRSAFYPESGGQDNDVGYLIANGGKFEVVDVLEADGVVLHVVKGAKPEVGTKVKGVIDSDVRWRHMRHHSATHVLLYSLQKVLGNHVWQAGARKEFSKARLDVTHFRRPSEEEIKEIEMLANREILANKPIKWEWMDRIEAERKFGFRLYQGGVPPGRKIRVVQVGDDVQACGGTHCRSTGEIGMLKILKVESIQDGVIRFEFAAGEA
1qhv_A	1.51	-	-	195	P03275	SPIKE_ADE02	H. adenovirus C serotype 2	Fiber protein	False	False	True	False	False	7	39	54	VLATVAAL	EEEEEEEE	VLATVAAL	2wnr_A	HHHHHHHH	0.917	0.911	1.28	16.58	e1qhvA1	"""beta sandwiches"""	5092.1.1.1	388-582	1-195	"""-"""	"""-"""	"""Domain in virus attachment proteins"""	"""Adeno_knob"""	2.60.90.10	388-582	1-195	"""Mainly Beta"""	"""Sandwich"""	"""Adenovirus Type 5 Fiber Protein (Receptor Binding Domain)"""	"""Adenovirus pIV-related, attachment domain"""	388-582	1-195	"""All beta proteins"""	"""Virus attachment protein globular domain"""	"""Virus attachment protein globular domain"""	"""Adenovirus fiber protein 'knob' domain"""	Optimal • Dom. n°1	n/a	1-195	388-582	AITIGNKNDDKLTLWTTPDPSPNCRIHSDNDCKFTLVLTKCGSQVLATVAALAVSGDLSSMTGTVASVSIFLRFDQNGVLMENSSLKKHYWNFRNGNSTNANPYTNAVGFMPNLLAYPKTQSQTAKNNIVSQVYLHGDKTKPMILTITLNGTSESTETSEVSTYSMSFTWSWESGKYTTETFATNSYTFSYIAQE
2wnr_A	2.65	MODELLER	-	271	O26778	RRP42_METTH	M. thermautotrophicus	Exosome complex component Rrp42	True	True	True	True	False	28	35	37	VLATVAAL	HHHHHHHH	VLATVAAL	1qhv_A	EEEEEEEE	0.857	0.81	1.52	21.15	e2wnrA3, e2wnrA1	"""a+b two layers"", ""a+b two layers"""	212.1.1.99, 245.1.1.11	9-188, 188-269	9-188, 188-269	"""-"", ""Ribonuclease PH domain 2-like"""	"""-"", ""-"""	"""Ribosomal protein S5 domain 2-like"", ""Ribonuclease PH domain 2"""	"""RNase_PH_2"", ""RNase_PH_C_1"""	3.30.230.70	9-269	9-269	"""Alpha Beta"""	"""2-Layer Sandwich"""	"""Ribosomal Protein S5; domain 2"""	"""GHMP Kinase, N-terminal domain"""	9-187, 188-269	9-187, 188-269	"""Alpha and beta proteins (a+b)"", ""Alpha and beta proteins (a+b)"""	"""Ribosomal protein S5 domain 2-like"", ""Ribonuclease PH domain 2-like"""	"""Ribosomal protein S5 domain 2-like"", ""Ribonuclease PH domain 2-like"""	"""-"", ""-"""	Optimal • Dom. n°1	n/a	1-271	1-271	MVNKMDIIPEITRKSITDLINNKERIDGRSLHEFRDISIETGVISKAEGSSRVKLGNTQIIVGVKPQIGEPFPDTPEMGVILTNSELLPMASPTFEPGPPDERSVELSRVVDRCIRESRMIDLEKLCIIEGSKVWMLFLDLHIIDYDGNLFDAAVLATVAALLDTRIPAAEVEDGEVVINREKMQPLPVNRKALMCTFAKIGNEIVLDPSLEEEDILTARISIGVTEEGSICAMQKGGEGPLTRDDVLKAVSIAVEKVPQLIEYLDKSMTP
2haz_A	1.7	MODELLER	-	105	P13591	NCAM1_HUMAN	H. sapiens	Neural cell adhesion molecule 1	True	True	True	True	False	7	49	45	AVRLAALN	EEEEEEEE	AVRLAALN	3nd2_A	HHHHHHHH	0.918	0.908	0.93	14.24	e2hazA1	"""beta sandwiches"""	11.1.1.213	489-589	5-105	"""Immunoglobulin-like beta-sandwich"""	"""Immunoglobulin-related"""	"""Immunoglobulin/Fibronectin type III/E set domains/PapD-like"""	"""fn3"""	2.60.40.10	486-589	2-105	"""Mainly Beta"""	"""Sandwich"""	"""Immunoglobulin-like"""	"""Immunoglobulins"""	489-589	5-105	"""All beta proteins"""	"""Immunoglobulin-like beta-sandwich"""	"""Fibronectin type III"""	"""Fibronectin type III"""	Optimal • Dom. n°1	n/a	1-105	485-589	GSHMDTPSSPSIDQVEPYSSTAQVQFDEPEATGGVPILKYKAEWRAVGEEVWHSKWYDAKEASMEGIVTIVGLKPETTYAVRLAALNGKGLGEISAASEFKTQPV
3nd2_A	2.4	-	-	861	Q06142	IMB1_YEAST	S. cerevisiae	Importin subunit beta-1	False	False	False	False	True	77	0	23	AVRLAALN	HHHHHHHH	AVRLAALN	2haz_A	EEEEEEEE	0.673	0.525	3.37	34.21	e3nd2A1	"""alpha superhelices"""	109.4.1.1254	1-861	1-861	"""Repetitive alpha hairpins"""	"""-"""	"""ARM repeat"""	"""IBN_N"""	1.25.10.10	1-861	1-861	"""Mainly Alpha"""	"""Alpha Horseshoe"""	"""Leucine-rich Repeat Variant"""	"""Leucine-rich Repeat Variant"""	1-861	1-861	"""All alpha proteins"""	"""alpha-alpha superhelix"""	"""ARM repeat"""	"""Armadillo repeat"""	Optimal • Dom. n°1, Optimal • Dom. n°2, Optimal • Dom. n°3, Optimal • Dom. n°4, Optimal • Dom. n°5, Optimal • Dom. n°6, Optimal • Dom. n°7	***, ***, ***, ***, ***, ***, ***	1-133, 134-247, 248-400, 401-542, 543-640, 641-768, 769-861	1-133, 134-247, 248-400, 401-542, 543-640, 641-768, 769-861	MSTAEFAQLLENSILSPDQNIRLTSETQLKKLSNDNFLQFAGLSSQVLIDENTKLEGRILAALTLKNELVSKDSVKTQQFAQRWITQVSPEAKNQIKTNALTALVSIEPRIANAAAQLIAAIADIELPHGAWPELMKIMVDNTGAEQPENVKRASLLALGYMCESADPQSQALVSSSNNILIAIVQGAQSTETSKAVRLAALNALADSLIFIKNNMEREGERNYLMQVVCEATQAEDIEVQAAAFGCLCKIMSLYYTFMKPYMEQALYALTIATMKSPNDKVASMTVEFWSTICEEEIDIAYELAQFPQSPLQSYNFALSSIKDVVPNLLNLLTRQNEDPEDDDWNVSMSAGACLQLFAQNCGNHILEPVLEFVEQNITADNWRNREAAVMAFGSIMDGPDKVQRTYYVHQALPSILNLMNDQSLQVKETTAWCIGRIADSVAESIDPQQHLPGVVQACLIGLQDHPKVATNCSWTIINLVEQLAEATPSPIYNFYPALVDGLIGAANRIDNEFNARASAFSALTTMVEYATDTVAETSASISTFVMDKLGQTMSVDENQLTLEDAQSLQELQSNILTVLAAVIRKSPSSVEPVADMLMGLFFRLLEKKDSAFIEDDVFYAISALAASLGKGFEKYLETFSPYLLKALNQVDSPVSITAVGFIADISNSLEEDFRRYSDAMMNVLAQMISNPNARRELKPAVLSVFGDIASNIGADFIPYLNDIMALCVAAQNTKPENGTLEALDYQIKVLEAVLDAYVGIVAGLHDKPEALFPYVGTIFQFIAQVAEDPQLYSEDATSRAAVGLIGDIAAMFPDGSIKQFYGQDWVIDYIKRTRSGQLFSQATKDTARWAREQQKRQLSL
3poz_A	1.5	MODELLER	-	327	P00533	EGFR_HUMAN	H. sapiens	Epidermal growth factor receptor	True	True	True	True	False	37	15	48	KKIKVLGS	EEEEEEEE	KKIKVLGS	2jg7_A	HCHHHHHH	0.866	0.818	1.38	20.54	e3pozA1	"""a+b complex topology"""	206.1.1.24	701-1017	6-322	"""-"""	"""Protein kinase/SAICAR synthase/ATP-grasp"""	"""Protein kinase"""	"""Pkinase_Tyr"""	1.10.510.10, 3.30.200.20	793-995, 701-792	98-300, 6-97	"""Mainly Alpha"", ""Alpha Beta"""	"""Orthogonal Bundle"", ""2-Layer Sandwich"""	"""Transferase(Phosphotransferase); domain 1"", ""Phosphorylase Kinase; domain 1"""	"""Transferase(Phosphotransferase) domain 1"", ""Phosphorylase Kinase; domain 1"""	696-1022	1-327	"""Alpha and beta proteins (a+b)"""	"""Protein kinase-like (PK-like)"""	"""Protein kinase-like (PK-like)"""	"""Protein kinases, catalytic subunit"""	Optimal • Dom. n°1	n/a	1-327	696-1022	GEAPNQALLRILKETEFKKIKVLGSGAFGTVYKGLWIPEGEKVKIPVAIKELREATSPKANKEILDEAYVMASVDNPHVCRLLGICLTSTVQLITQLMPFGCLLDYVREHKDNIGSQYLLNWCVQIAKGMNYLEDRRLVHRDLAARNVLVKTPQHVKITDFGLAKLLGAEEKEYHAEGGKVPIKWMALESILHRIYTHQSDVWSYGVTVWELMTFGSKPYDGIPASEISSILEKGERLPQPPICTIDVYMIMVKCWMIDADSRPKFRELIIEFSKMARDPQRYLVIQGDERMHLPSPTDSNFYRALMDEEDMDDVVDADEYLIPQQG
2jg7_A	2.83	MODELLER	-	510	Q4KTQ7	Q4KTQ7_ACASC	A. schlegelii	aldehyde dehydrogenase	True	True	True	True	False	41	21	38	KKIKVLGS	HCHHHHHH	KKIKVLGS	3poz_A	EEEEEEEE	0.813	0.883	2.01	25.85	e2jg7A1, e2jg7A2	"""a/b three-layered sandwiches"", ""a/b three-layered sandwiches"""	7524.1.1.1, 7524.1.1.2	270-509, 1-269	270-509, 1-269	"""-"", ""-"""	"""-"", ""-"""	"""ALDH-like"", ""ALDH-like"""	"""Aldedh_2nd"", ""Aldedh_1st_1"""	3.40.309.10, 3.40.605.10	270-462, 1-269,463-509	270-462, 1-269,463-509	"""Alpha Beta"", ""Alpha Beta"""	"""3-Layer(aba) Sandwich"", ""3-Layer(aba) Sandwich"""	"""Aldehyde Dehydrogenase; Chain A, domain 2"", ""Aldehyde Dehydrogenase; Chain A, domain 1"""	"""Aldehyde Dehydrogenase; Chain A, domain 2"", ""Aldehyde Dehydrogenase; Chain A, domain 1"""	1-510	1-510	"""Alpha and beta proteins (a/b)"""	"""ALDH-like"""	"""ALDH-like"""	"""-"""	Optimal • Dom. n°1, Optimal • Dom. n°2	****, ****	1-269,462-510, 270-461	1-269,462-510, 270-461	SGLLINQPKYSWLKELGLSEDNPGVYNGSWGGSGEVITSYCPANNEPIARVTQATLAEYEETVQKTREAWKMWADIPAPKRGEIVRQIGDALRKKIKVLGSLVSLEMGKIYVEGVGEVQEYVDVCDYAVGLSRMIGGPVLPSERPGHALIEQWNPVGLVGIITAFNFPVAVYGWNNAIALTCGNVCLWKGAPTTPLTSVAVTKIVAEVLEQNNLPGAICSMTCGGADIGTAMAKDERVDLLSFTGSTHVGKMVAMMVQERFGRKLLELGGNNAIIVFEDADLNLVVPSAVFASVGTAGQRCTTTRRLMLHESVHDAVVERIAKAYKQVRIGDPWDPSTLYGPLHTKQAVDQYLAAIEQAKQQGGTLVCGGKVMDRPGNYVEPTIITGLAHDAPIVHTETFVPILYVLKFKTEEEAFAWNNEVQQGLSSSIFTKDLGRVFRWLGPKGSDCGIVNVNIPTSGAEIGGAFGGEKHTGGGRESGSDSWKQYMRRSTCTINYSKDLPLAQGIKFE
3s30_A	2.46	MODELLER	-	258	A6KX05	A6KX05_PHOV8	P. vulgatus	Putative carbohydrate metabolism domain-containing protein	True	True	True	True	False	11	43	46	IDDLELVC	EEEEEEEE	IDDLELVC	2q0y_A	HHHHHHHH	0.958	0.931	0.77	18.19	e3s30A1	"""beta sandwiches"""	10.1.2.44	125-378	97-350	"""jelly-roll"""	"""Concanavalin A-like"""	"""Galactose-binding domain-like"""	"""PCMD"""	2.60.120.890	125-378	97-350	"""Mainly Beta"""	"""Sandwich"""	"""Jelly Rolls"""	"""BT2081, beta-jelly-roll domain"""	-	-	"""-"""	"""-"""	"""-"""	"""-"""	Optimal • Dom. n°1	n/a	1-258	125-382	TKSIPTVFNFENVKTVPYNKNEYYVLYEAASGYSTLTWSSGNQGFALTGSGYTPNDFPTSISPNGRTGNCLQLITRKTGSLGTLVGMPIAAGNLFIGSFDIGSAMSDALSATKFGTTFYYEPIKLVGYYKYKAGPEFYENGESTNRKDVFNIYALFYEKTKDVQMLDGHIAKNNYEHENMVAAAVITDTHETSEWTRFELDFNYEHYGKTIDPQKLANGGYNVSIVLSASKDGDVFQGAPGSTLLIDDLELVCKQPLR
2q0y_A	1.8	MODELLER	-	153	Q470Y2	Q470Y2_CUPPJ	C. pinatubonensis	GCN5-related N-acetyltransferase	False	True	True	False	False	41	25	34	IDDLELVC	HHHHHHHH	IDDLELVC	3s30_A	EEEEEEEE	0.784	0.795	1.15	15.4	e2q0yA1	"""a+b three layers"""	213.1.1.54	0-152	1-153	"""Nat/Ivy"""	"""-"""	"""Acyl-CoA N-acyltransferases (Nat)"""	"""Acetyltransf_1"""	3.40.630.30	0-137	1-138	"""Alpha Beta"""	"""3-Layer(aba) Sandwich"""	"""Aminopeptidase"""	"""-"""	-	-	"""-"""	"""-"""	"""-"""	"""-"""	Optimal • Dom. n°1	n/a	1-153	0-152	GMECRPLCIDDLELVCRHREAMFREAGRDALTLAAMQDPFRDWLLPRLADGSYFGWVMEEGGAPLAGIGLMVIEWPPHPSHPLQDKRGYILNLYVDPSHRERGIGQALMNRAEAEFAERGIAFAVLHATEMGQPLYARMGWSPTTEMSKPIAG
1p35_A	2.2	-	-	299	P08160	P35_NPVAC	A. californica nuclear polyhedrosis virus	Early 35 kDa protein	True	True	True	False	False	17	41	42	VLYVKLHN	EEEEEEEE	VLYVKLHN	1jig_A	HHHHHHHH	0.929	0.923	1.01	20.89	e1p35A1	"""beta sandwiches"""	4081.1.1.3	2-300	1-299	"""-"""	"""-"""	"""Baculovirus p35 protein-related"""	"""P35"""	2.60.250.10	2-300	1-299	"""Mainly Beta"""	"""Sandwich"""	"""Baculovirus p35"""	"""Baculovirus p35"""	2-300	1-299	"""All beta proteins"""	"""Baculovirus p35 protein"""	"""Baculovirus p35 protein"""	"""Baculovirus p35 protein"""	Optimal • Dom. n°1	n/a	1-299	2-300	CVIFPVEIDVSQTIIRDCQVDKQTRELVYINKIMNTQLTKPVLMMFNISGPIRSVTRKNNNLRDRIKSKVDEQFDQLERDYSDQMDGFHDSIKYFKDEHYSVSCQNGSVLKSKFAKILKSHDYTDKKSIEAYEKYCLPKLVDERNDYYVAVCVLKPGFENGSNQVLSFEYNPIGNKVIVPFAHEINDTGLYEYDVVAYVDSVQFDGEQFEEFVQSLILPSSFKNSEKVLYYNEASKNKSMIYKALEFTTESSWGKSEKYNWKIFCNGFIYDKKSKVLYVKLHNVTSALNKNVILNTIKA
1jig_A	1.46	-	-	146	Q8RPQ1	DPS1_BACAN	B. anthracis	DNA protection during starvation protein 1	True	False	True	False	False	78	0	22	VLYVKLHN	HHHHHHHH	VLYVKLHN	1p35_A	EEEEEEEE	0.959	0.916	0.72	15.91	e1jigA1	"""alpha bundles"""	150.1.1.13	2-147	1-146	"""Ferritin/Heme oxygenase/4-helical cytokines"""	"""Ferritin/Heme oxygenase"""	"""Ferritin"""	"""Ferritin_1"""	1.20.1260.10	2-147	1-146	"""Mainly Alpha"""	"""Up-down Bundle"""	"""Ferritin"""	"""-"""	2-147	1-146	"""All alpha proteins"""	"""Ferritin-like"""	"""Ferritin-like"""	"""Ferritin"""	Optimal • Dom. n°1	n/a	1-146	2-147	STKTNVVEVLNKQVANWNVLYVKLHNYHWYVTGPHFFTLHEKFEEFYNEAGTYIDELAERILALEGKPLATMKEYLATSSVNEGTSKESAEEMVQTLVNDYSALIQELKEGMEVAGEAGDATSADMLLAIHTTLEQHVWMLSAFLK
1kdg_A	1.5	MODELLER	-	546	Q01738	CDH_PHACH	P. chrysosporium	Cellobiose dehydrogenase	True	True	True	True	False	28	21	51	TRYAQGTV	EEEEEEEE	TRYAQGTV	2j6i_A	HHHHHHHH	0.964	0.971	0.8	23.4	e1kdgA1, e1kdgA2	"""a+b two layers"", ""a/b three-layered sandwiches"""	244.1.1.24, 2003.1.2.286	513-693, 215-512,694-755	304-484, 6-303,485-546	"""FAD-linked reductases, C-terminal domain-like"", ""Rossmann-like"""	"""-"", ""Rossmann-related"""	"""FAD-linked reductases-C"", ""FAD/NAD(P)-binding domain"""	"""CDH_FAD_bind_C"", ""GMC_oxred_N"""	3.30.410.10, 3.50.50.60	346-400,519-616,634-684, 215-345,401-518,617-633,685-755	137-191,310-407,425-475, 6-136,192-309,408-424,476-546	"""Alpha Beta"", ""Alpha Beta"""	"""2-Layer Sandwich"", ""3-Layer(bba) Sandwich"""	"""Cholesterol Oxidase; domain 2"", ""FAD/NAD(P)-binding domain"""	"""Cholesterol Oxidase; domain 2"", ""FAD/NAD(P)-binding domain"""	215-512,694-755, 513-693	6-303,485-546, 304-484	"""Alpha and beta proteins (a/b)"", ""Alpha and beta proteins (a+b)"""	"""FAD/NAD(P)-binding domain"", ""FAD-linked reductases, C-terminal domain"""	"""FAD/NAD(P)-binding domain"", ""FAD-linked reductases, C-terminal domain"""	"""FAD-linked reductases, N-terminal domain"", ""GMC oxidoreductases"""	Optimal • Dom. n°1	n/a	1-546	210-755	PTVSATPYDYIIVGAGPGGIIAADRLSEAGKKVLLLERGGPSTKQTGGTYVAPWATSSGLTKFDIPGLFESLFTDSNPFWWCKDITVFAGCLVGGGTSVNGALYWYPNDGDFSSSVGWPSSWTNHAPYTSKLSSRLPSTDHPSTDGQRYLEQSFNVVSQLLKGQGYNQATINDNPNYKDHVFGYSAFDFLNGKRAGPVATYLQTALARPNFTFKTNVMVSNVVRNGSQILGVQTNDPTLGPNGFIPVTPKGRVILSAGAFGTSRILFQSGIGPTDMIQTVQSNPTAAAALPPQNQWINLPVGMNAQDNPSINLVFTHPSIDAYENWADVWSNPRPADAAQYLANQSGVFAGASPKLNFWRAYSGSDGFTRYAQGTVRPGAASVNSSLPYNASQIFTITVYLSTGIQSRGRIGIDAALRGTVLTPPWLVNPVDKTVLLQALHDVVSNIGSIPGLTMITPDVTQTLEEYVDAYDPATMNSNHWVSSTTIGSSPQSAVVDSNVKVFGTNNLFIVDAGIIPHLPTGNPQGTLMSAAEQAAAKILALAGGP
2j6i_A	1.55	-	-	353	O13437	FDH_CANBO	C. boidinii	Formate dehydrogenase	True	True	False	False	False	38	17	45	TRYAQGTV	HHHHHHHH	TRYAQGTV	1kdg_A	EEEEEEEE	0.821	0.541	2.21	22.51	e2j6iA1, e2j6iA2	"""a/b three-layered sandwiches"", ""a/b three-layered sandwiches"""	2003.1.1.1, 2003.1.11.1	119-314, 1-118,314-353	119-314, 1-118,314-353	"""Rossmann-like"", ""Rossmann-like"""	"""Rossmann-related"", ""Rossmann-related"""	"""NAD(P)-binding Rossmann-fold domains"", ""Formate/glycerate dehydrogenase catalytic domain-like"""	"""2-Hacid_dh_C"", ""2-Hacid_dh"""	3.40.50.720, 3.40.50.720	119-315, 1-118,316-353	119-315, 1-118,316-353	"""Alpha Beta"", ""Alpha Beta"""	"""3-Layer(aba) Sandwich"", ""3-Layer(aba) Sandwich"""	"""Rossmann fold"", ""Rossmann fold"""	"""NAD(P)-binding Rossmann-like Domain"", ""NAD(P)-binding Rossmann-like Domain"""	-	-	"""-"""	"""-"""	"""-"""	"""-"""	Optimal • Dom. n°1, Optimal • Dom. n°2	*****, *****	1-119,315-353, 120-314	1-119,315-353, 120-314	AKIVLVLYDAGKHAADEEKLYGCTENKLGIANWLKDQGHELITTSDKEGGNSVLDQHIPDADIIITTPFHPAYITKERIDKAKKLKLVVVAGVGSDHIDLDYINQTGKKISVLEVTGSNVVSVAEHVVMTMLVLVRNFVPAHEQIINHDWEVAAIAKDAYDIEGKTIATIGAGRIGYRVLERLVPFNPKELLYYDYQALPKDAEEKVGARRVENIEELVAQADIVTVNAPLHAGTKGLINKELLSKFKKGAWLVNTARGAICVAEDVAAALESGQLRGYGGDVWFPQPAPKDHPWRDMRNKYGAGNAMTPHYSGTTLDAQTRYAQGTVNILESFFTGKFDYRPQDIILLNGEY
3uoe_A	2.311	MODELLER	-	340	Q930Q4	Q930Q4_RHIME	R. meliloti	Dehydrogenase	True	True	True	True	False	44	18	38	LAIAAIRN	EEEEEEEE	LAIAAIRN	3f6c_A	HHHHHHHH	0.871	0.85	1.53	20.31	e3uoeA1	"""a+b three layers"""	276.1.1.1	-5-333	24-356	"""-"""	"""-"""	"""L-sulfolactate dehydrogenase-like"""	"""Ldh_2"""	1.10.1530.10, 3.30.60.50, 3.30.1370.60	-5-64,317-333, 178-221, 65-177,222-272	18-87,340-356, 201-244, 88-200,245-295	"""Mainly Alpha"", ""Alpha Beta"", ""Alpha Beta"""	"""Orthogonal Bundle"", ""2-Layer Sandwich"", ""2-Layer Sandwich"""	"""Hypothetical Oxidoreductase Yiak; Chain"", ""Wheat Germ Agglutinin (Isolectin 2); domain 1"", ""Ribosomal Protein S8; Chain"""	"""-"", ""Hypothetical oxidoreductase yiak; domain 3"", ""Hypothetical oxidoreductase yiak; domain 2"""	-	-	"""-"""	"""-"""	"""-"""	"""-"""	Optimal • Dom. n°1	n/a	1-340	-5-334	LYFQSMMRLPPARLRNLSVALLEKRGVPADSARLQANLLLEAELRGLPSHGLQRLPLLLSRLDKGLANPTTRGNGTWRRASFLSVDGERGLGPVVMMDAMRVTRRILKETGLAIAAIRNANHMGMLAYYAEAAARDGLIGIVMSTSEALVHPFGGTQALIGTNPVAIGIPAAGHPFVLDLATSIVSMGKINNHAMRGLAIPPGWAVDRDGRATTDPHAAQAGAIAPFGDAKGYGLGLAIELLVAALAGSNLAPDVNGTLDDIHPANKGDLLILIDPSAGAGSIPALAAYLDRLRLSRPLDPTQPVAIPGDGARARRAAAAKTGIELPQPLFDHLTALEAA
3f6c_A	1.45	MODELLER	-	134	P0ACZ4	EVGA_ECOLI	E. coli	DNA-binding transcriptional activator EvgA	True	True	True	True	False	40	22	38	LAIAAIRN	HHHHHHHH	LAIAAIRN	3uoe_A	EEEEEEEE	0.829	0.863	1.53	14.43	e3f6cA1	"""a/b three-layered sandwiches"""	2007.1.3.29	0-131	1-132	"""Flavodoxin-like"""	"""Class I glutamine amidotransferase-like"""	"""CheY-like"""	"""Response_reg"""	3.40.50.2300	0-131	1-132	"""Alpha Beta"""	"""3-Layer(aba) Sandwich"""	"""Rossmann fold"""	"""-"""	-	-	"""-"""	"""-"""	"""-"""	"""-"""	Optimal • Dom. n°1	n/a	1-134	0-133	SLNAIIIDDHPLAIAAIRNLLIKNDIEILAELTEGGSAVQRVETLKPDIVIIDVDIPGVNGIQVLETLRKRQYSGIIIIVSAKNDHFYGKHCADAGANGFVSKKEGMNNIIAAIEAAKNGYCYFPFSLNRFVGS
1bcp_F	2.7	MODELLER	-	99	P04977	TOX1_BORPE	B. pertussis	Pertussis toxin subunit 1	True	True	True	True	False	15	44	40	TVQELALK	EEEEEEEE	TVQELALK	2fb9_A	HHHHHHHH	0.854	0.874	0.84	13.73	e1bcpF1	"""beta barrels"""	2.2.1.5	2-99	2-99	"""OB-fold"""	"""-"""	"""Bacterial enterotoxins"""	"""Pertus-S5-tox"""	2.40.50.110	2-99	2-99	"""Mainly Beta"""	"""Beta Barrel"""	"""OB fold (Dihydrolipoamide Acetyltransferase, E2P)"""	"""-"""	1-99	1-99	"""All beta proteins"""	"""OB-fold"""	"""Bacterial enterotoxins"""	"""Bacterial AB5 toxins, B-subunits"""	Optimal • Dom. n°1	n/a	1-99	1-99	GLPTHLYKNFTVQELALKLKGKNQEFCLTAFMSGRSLVRACLSDAGHEHDTWFDTMLGFAISAYALKSRIALTVEDSPYPGTPGDLLELQICPLNGYCE
2fb9_A	1.9	-	-	322	Q3T920	Q3T920_THECA	T. caldophilus	D-alanine--D-alanine ligase	False	False	False	False	True	30	27	43	TVQELALK	HHHHHHHH	TVQELALK	1bcp_F	EEEEEEEE	0.884	0.898	1.19	20.91	e2fb9A1, e2fb9A2	"""a+b complex topology"", ""a/b three-layered sandwiches"""	206.1.3.1, 2003.1.10.4	118-322, 1-117	118-322, 1-117	"""-"", ""Rossmann-like"""	"""Protein kinase/SAICAR synthase/ATP-grasp"", ""Rossmann-related"""	"""ATP-grasp"", ""PreATP-grasp domain"""	"""ATP-grasp"", ""Dala_Dala_lig_N"""	3.30.470.20, 3.30.1490.20, 3.40.50.20	108-132,196-322, 135-191, 1-107	108-132,196-322, 135-191, 1-107	"""Alpha Beta"", ""Alpha Beta"", ""Alpha Beta"""	"""2-Layer Sandwich"", ""2-Layer Sandwich"", ""3-Layer(aba) Sandwich"""	"""D-amino Acid Aminotransferase; Chain A, domain 1"", ""Dna Ligase; domain 1"", ""Rossmann fold"""	"""ATP-grasp fold, B domain"", ""ATP-grasp fold, A domain"", ""-"""	4-117, 118-322	4-117, 118-322	"""Alpha and beta proteins (a/b)"", ""Alpha and beta proteins (a+b)"""	"""PreATP-grasp domain"", ""ATP-grasp"""	"""PreATP-grasp domain"", ""Glutathione synthetase ATP-binding domain-like"""	"""-"", ""-"""	Optimal • Dom. n°1, Optimal • Dom. n°2	***, ***	1-85, 86-322	1-85, 86-322	MEFMRVLLIAGGVSPEHEVSLLSAEGVLRHIPFPTDLAVIAQDGRWLLGEKALTALEAKAAPEGEHPFPPPLSWERYDVVFPLLHGRFGEDGTVQGFLELLGKPYVGAGVAASALCMDKDLSKRVLAQAGVPVVPWVAVRKGEPPVVPFDPPFFVKPANTGSSVGISRVERFQDLEAALALAFRYDEKAVVEKALSPVRELEVGVLGNVFGEASPVGEVRYEAPFYDYETKYTPGRAELLIPAPLDPGTQETVQELALKAYKVLGVRGMARVDFFLAEGELYLNELNTIPGFTPTSMYPRLFEAGGVAYPELLRRLVELALT
2lnj_A	-	-	-	170	P73952	P73952_SYNY3	S. sp.	Sll1418 protein	False	False	False	False	True	18	45	37	RQAELINA	EEEEEEEE	RQAELINA	1dnp_A	HHHHHHHH	0.732	0.779	1.89	15.96	e2lnjA1	"""a+b three layers"""	881.1.1.6	19-188	6-170	"""Mog1p/PsbP-like"""	"""-"""	"""Mog1p/PsbP-like"""	"""PsbP"""	3.40.1000.10	19-188	1-170	"""Alpha Beta"""	"""3-Layer(aba) Sandwich"""	"""Protein Transport Mog1p; Chain A"""	"""Mog1/PsbP, alpha/beta/alpha sandwich"""	-	-	"""-"""	"""-"""	"""-"""	"""-"""	Optimal • Dom. n°1	n/a	1-170	19-188	GPLGSCGGVGIASLQRYSDTKDGYEFLYPNGWIGVDVKGASPGVDVVFRDLIERDENLSVIISEIPSDKTLTDLGTATDVGYRFMKTVNDASQGDRQAELINAEARDEDGQVYYTLEYRVLVGDNVERHDLASVTTNRGKLITFDLSTAEDRWDTVKSLFDTVASSFHVY
1dnp_A	2.3	MODELLER	-	471	P00914	PHR_ECOLI	E. coli	Deoxyribodipyrimidine photo-lyase	True	True	True	True	False	52	6	42	RQAELINA	HHHHHHHH	RQAELINA	2lnj_A	EEEEEEEE	0.932	0.916	1.09	24.28	e1dnpA1, e1dnpA2	"""alpha complex topology"", ""a/b three-layered sandwiches"""	182.1.1.1, 2005.1.1.129	201-469, 1-200	201-469, 1-200	"""-"", ""HUP domain-like"""	"""Cryptochrome/photolyase FAD-binding domain-related"", ""-"""	"""Cryptochrome/photolyase FAD-binding domain"", ""HUP domains"""	"""FAD_binding_7"", ""DNA_photolyase"""	1.10.579.10, 1.25.40.80, 3.40.50.620	289-469, 131-168,204-288, 1-130	289-469, 131-168,204-288, 1-130	"""Mainly Alpha"", ""Mainly Alpha"", ""Alpha Beta"""	"""Orthogonal Bundle"", ""Alpha Horseshoe"", ""3-Layer(aba) Sandwich"""	"""DNA Cyclobutane Dipyrimidine Photolyase, subunit A; domain 3"", ""Serine Threonine Protein Phosphatase 5, Tetratricopeptide repeat"", ""Rossmann fold"""	"""DNA Cyclobutane Dipyrimidine Photolyase, subunit A, domain 3"", ""-"", ""HUPs"""	201-469, 1-200	201-469, 1-200	"""All alpha proteins"", ""Alpha and beta proteins (a/b)"""	"""Cryptochrome/photolyase FAD-binding domain"", ""Cryptochrome/photolyase, N-terminal domain"""	"""Cryptochrome/photolyase FAD-binding domain"", ""Cryptochrome/photolyase, N-terminal domain"""	"""Cryptochrome/photolyase FAD-binding domain"", ""Cryptochrome/photolyase, N-terminal domain"""	Optimal • Dom. n°1, Optimal • Dom. n°2	****, ****	1-295, 296-471	1-295, 296-471	TTHLVWFRQDLRLHDNLALAAACRNSSARVLALYIATPRQWATHNMSPRQAELINAQLNGLQIALAEKGIPLLFREVDDFVASVEIVKQVCAENSVTHLFYNYQYEVNERARDVEVERALRNVVCEGFDDSVILPPGAVMTGNHEMYKVFTPFKNAWLKRLREGMPECVAAPKVRSSGSIEPSPSITLNYPRQSFDTAHFPVEEKAAIAQLRQFCQNGAGEYEQQRDFPAVEGTSRLSASLATGGLSPRQCLHRLLAEQPQALDGGAGSVWLNELIWREFYRHLITYHPSLCKHRPFIAWTDRVQWQSNPAHLQAWQEGKTGYPIVDAAMRQLNSTGWMHNRLRMITASFLVKDLLIDWREGERYFMSQLIDGDLAANNGGWQWAASTGTDAAPYFRIFNPTTQGEKFDHEGEFIRQWLPELRDVPGKVVHEPWKWAQKAGVTLDYPQPIVEHKEARVQTLAAYEAARKGK
2h88_A	1.74	MODELLER	-	621	Q9YHT1	SDHA_CHICK	G. gallus	Succinate dehydrogenase [ubiquinone] flavoprotein subunit, mitochondrial	True	True	True	True	False	34	23	43	FALDLLME	EEEEEEEE	FALDLLME	1r2f_A	HHHHHHHH	0.888	0.881	1.11	24.71	e2h88A5, e2h88A1, e2h88A4	"""alpha bundles"", ""a+b complex topology"", ""a/b three-layered sandwiches"""	604.2.1.3, 278.1.1.3, 2003.1.2.143	462-621, 247-375, 10-246,376-461	462-621, 247-375, 10-246,376-461	"""Spectrin repeat-like"", ""-"", ""Rossmann-like"""	"""-"", ""-"", ""Rossmann-related"""	"""Succinate dehydrogenase/fumarate reductase flavoprotein C-terminal domain"", ""Succinate dehydrogenase/fumarate reductase flavoprotein, catalytic domain"", ""FAD/NAD(P)-binding domain"""	"""Succ_DH_flav_C"", ""FAD_binding_2"", ""FAD_binding_3_1st"""	1.20.58.100, 3.50.50.60, 3.90.700.10, 4.10.80.40	440-556, 10-256,361-439, 257-360, 557-621	440-556, 10-256,361-439, 257-360, 557-621	"""Mainly Alpha"", ""Alpha Beta"", ""Alpha Beta"", ""Few Secondary Structures"""	"""Up-down Bundle"", ""3-Layer(bba) Sandwich"", ""Alpha-Beta Complex"", ""Irregular"""	"""Methane Monooxygenase Hydroxylase; Chain G, domain 1"", ""FAD/NAD(P)-binding domain"", ""Flavocytochrome C3; Chain A, domain 1"", ""Rhinovirus 14, subunit 4"""	"""Fumarate reductase/succinate dehydrogenase flavoprotein-like, C-terminal domain"", ""FAD/NAD(P)-binding domain"", ""Succinate dehydrogenase/fumarate reductase flavoprotein, catalytic domain"", ""succinate dehydrogenase protein domain"""	-	-	"""-"""	"""-"""	"""-"""	"""-"""	Optimal • Dom. n°1, Optimal • Dom. n°2	***, ***	1-248,365-621, 249-364	1-248,365-621, 249-364	STKVSDSISTQYPVVDHEFDAVVVGAGGAGLRAAFGLSEAGFNTACVTKLFPTRSHTVAAQGGINAALGNMEDDNWRWHFYDTVKGSDWLGDQDAIHYMTEQAPAAVIELENYGMPFSRTEEGKIYQRAFGGQSLQFGKGGQAHRCCCVADRTGHSLLHTLYGRSLRYDTSYFVEYFALDLLMENGECRGVIALCIEDGTIHRFRAKNTVIATGGYGRTYFSCTSAHTSTGDGTAMVTRAGLPCQDLEFVQFHPTGIYGAGCLITEGCRGEGGILINSQGERFMERYAPVAKDLASRDVVSRSMTIEIREGRGCGPEKDHVYLQLHHLPPQQLATRLPGISETAMIFAGVDVTKEPIPVLPTVHYNMGGIPTNYKGQVITHVNGEDKVVPGLYACGEAASASVHGANRLGANSLLDLVVFGRACALTIAETCKPGEPVPSIKPNAGEESVANLDKLRFADGTIRTSEARLNMQKTMQSHAAVFRTGSILQEGCEKLSQIYRDLAHLKTFDRGIVWNTDLVETLELQNLMLCALQTIYGAEARKESRGAHAREDYKLRIDEFDYSKPLQGQQKRPFEEHWRKHTLSYVDVKSGKVTLKYRPVIDRTLNEEDCSSVPPAIRSY
1r2f_A	2.1	MODELLER	-	288	P17424	RIR4_SALTY	S. typhimurium	Ribonucleoside-diphosphate reductase 2 subunit beta	True	True	True	True	False	74	0	26	FALDLLME	HHHHHHHH	FALDLLME	2h88_A	EEEEEEEE	0.922	0.947	0.93	19.41	e1r2fA1	"""alpha bundles"""	150.1.2.32	6-287	6-287	"""Ferritin/Heme oxygenase/4-helical cytokines"""	"""Ferritin/Heme oxygenase"""	"""Heme oxygenase/Ribonucleotide reductase"""	"""Ribonuc_red_sm"""	1.10.620.20	6-288	6-288	"""Mainly Alpha"""	"""Orthogonal Bundle"""	"""Ribonucleotide Reductase, subunit A"""	"""Ribonucleotide Reductase, subunit A"""	1-288	1-288	"""All alpha proteins"""	"""Ferritin-like"""	"""Ferritin-like"""	"""Ribonucleotide reductase-like"""	Optimal • Dom. n°1	n/a	1-288	1-288	MKLSRISAINWNKIQDDKDLEVWNRLTSNFWLPEKVPLSNDIPAWQTLSAAEQQLTIRVFTGLTLLDTIQNIAGAPSLMADAITPHEEAVLSNISFMEAVHARSYSSIFSTLCQTKEVDAAYAWSEENPPLQRKAQIILAHYVSDEPLKKKIASVFLESFLFYSGFWLPMYFSSRGKLTNTADLIRLIIRDEAVHGYYIGYKYQIALQKLSAIEREELKLFALDLLMELYDNEIRYTEALYAETGWVNDVKAFLCYNANKALMNLGYEALFPPEMADVNPAILAALSP
3cmb_A	1.6	MODELLER	-	265	A3CUL0	A3CUL0_METMJ	M. marisnigri	Acetoacetate decarboxylase	True	True	True	False	False	18	51	31	VEGRAILR	EEEEEEEE	VEGRAILR	3f13_A	HHHHHHHH	0.822	0.813	1.35	18.82	e3cmbA1	"""beta barrels"""	4295.1.1.1	1-264	20-283	"""-"""	"""-"""	"""Acetoacetate decarboxylase-like"""	"""ADC"""	2.40.400.10	248-264	2-283	"""Mainly Beta"""	"""Beta Barrel"""	"""Acetoacetate decarboxylase-like"""	"""Acetoacetate decarboxylase-like"""	1-264	20-283	"""Alpha and beta proteins (a+b)"""	"""Acetoacetate decarboxylase-like"""	"""Acetoacetate decarboxylase-like"""	"""Acetoacetate decarboxylase-like"""	Optimal • Dom. n°1	n/a	1-265	0-264	GMFRPQDDFTYLMPVHFGGGKFDPETLVTQKATALSLSFETERDLLENYIPEGFELLAPEVQVAFNKFTEINWLHGGQYNLINVAAPVRFHGKKDELDGAYTLVVWENKTAPILGGREQTGIPKIYADIEDLHIVRPHFATTVSYEGNTFLNMDFEATGSITGRDLDALKSQFLTMNTLGWRYIPKVGAPGAELSQFVLYPQGMEVETAEVGKGSLKWTELTPMQSPAQYYIVNSLASLPIKRVTQAVLVEGRAILRAMGARVIE
3f13_A	1.7	MODELLER	-	163	Q7NWQ3	Q7NWQ3_CHRVO	C. violaceum	Nudix hydrolase domain-containing protein	True	True	True	True	False	28	28	44	VEGRAILR	HHHHHHHH	VEGRAILR	3cmb_A	EEEEEEEE	0.771	0.736	2.61	17.55	e3f13A1	"""a+b two layers"""	221.4.1.31	11-156	10-155	"""beta-Grasp"""	"""-"""	"""Nudix"""	"""NUDIX"""	3.90.79.10	11-156	10-155	"""Alpha Beta"""	"""Alpha-Beta Complex"""	"""Nucleoside Triphosphate Pyrophosphohydrolase"""	"""Nucleoside Triphosphate Pyrophosphohydrolase"""	-	-	"""-"""	"""-"""	"""-"""	"""-"""	Optimal • Dom. n°1	n/a	1-163	2-164	MSLEDRKNERLPSDLARRATAIIEMPDGVLVTASRGGRYNLPGGKANRGELRSQALIREIREETGLRINSMLYLFDHITPFNAHKVYLCIAQGQPKPQNEIERIALVSSPDTDMDLFVEGRAILRRYARLRNEETAKGEALRALLGLARYIAKVDEGHHHHHH
