PDB,PDB_resolution,refinement_method,refinement_TMscore,length,UniProt,UniProt_entry,organism,protein_name,contact_chain,contact_ligand,contact_ion,contact_nucleotide,no_contact,alpha%,beta%,coil%,chameleon_sequence,chameleon_SS,chameleon_length,chameleon_partner_PDB,chameleon_partner_SS,div_SE,div_MM,avg_RMSF,avg_gyration,ECOD_domain_ID,ECOD_architecture,ECOD_ID,ECOD_PDB_delineation,ECOD_renum_delineation,ECOD_X,ECOD_H,ECOD_T,ECOD_F,CATH_ID,CATH_PDB_delineation,CATH_renum_delineation,CATH_class,CATH_architecture,CATH_topology,CATH_supfamily,SCOP_PDB_delineation,SCOP_renum_delineation,SCOP_class,SCOP_fold,SCOP_supfamily,SCOP_family,SWORD_ID,SWORD_quality,SWORD_renum_delineation,SWORD_PDB_delineation,sequence,dataset,DPF_sequence,DPF_SS,DPF_length
3s30_A,2.46,MODELLER,-,258,A6KX05,A6KX05_PHOV8,P. vulgatus,Putative carbohydrate metabolism domain-containing protein,True,True,True,True,False,11,43,46,IDDLELVC,EEEEEEEE,IDDLELVC,2q0y_A,HHHHHHHH,0.958,0.931,0.77,18.19,e3s30A1,"""beta sandwiches""",10.1.2.44,125-378,97-350,"""jelly-roll""","""Concanavalin A-like""","""Galactose-binding domain-like""","""PCMD""",2.60.120.890,125-378,97-350,"""Mainly Beta""","""Sandwich""","""Jelly Rolls""","""BT2081, beta-jelly-roll domain""",-,-,"""-""","""-""","""-""","""-""",Optimal • Dom. n°1,,1-258,125-382,TKSIPTVFNFENVKTVPYNKNEYYVLYEAASGYSTLTWSSGNQGFALTGSGYTPNDFPTSISPNGRTGNCLQLITRKTGSLGTLVGMPIAAGNLFIGSFDIGSAMSDALSATKFGTTFYYEPIKLVGYYKYKAGPEFYENGESTNRKDVFNIYALFYEKTKDVQMLDGHIAKNNYEHENMVAAAVITDTHETSEWTRFELDFNYEHYGKTIDPQKLANGGYNVSIVLSASKDGDVFQGAPGSTLLIDDLELVCKQPLR,chameleon,,,
3b0p_A,1.7,MODELLER,-,318,Q5SMC7,DUSAL_THET8,T. thermophilus,tRNA-dihydrouridine(20/20a) synthase,True,True,True,True,False,50,14,36,AYLEEEVL,HHHHHHHH,AYLEEEVL,2z13_A,EEEEEEEE,0.894,0.884,1.11,21.31,e3b0pA1,"""a/b barrels""",2002.1.1.39,2-318,2-318,"""TIM beta/alpha-barrel""","""-""","""TIM barrels""","""DHO_dh""","1.20.120.1460, 3.20.20.70","244-318, 2-243","244-318, 2-243","""Mainly Alpha"", ""Alpha Beta""","""Up-down Bundle"", ""Alpha-Beta Barrel""","""Four Helix Bundle (Hemerythrin (Met), subunit A)"", ""TIM Barrel""","""-"", ""Aldolase class I""",-,-,"""-""","""-""","""-""","""-""","Optimal • Dom. n°1, Optimal • Dom. n°2","****, ****","1-249, 250-318","1-249, 250-318",MLDPRLSVAPMVDRTDRHFRFLVRQVSLGVRLYTEMTVDQAVLRGNRERLLAFRPEEHPIALQLAGSDPKSLAEAARIGEAFGYDEINLNLGCPSEKAQEGGYGACLLLDLARVREILKAMGEAVRVPVTVKMRLGLEGKETYRGLAQSVEAMAEAGVKVFVVHARSALLALSTKANREIPPLRHDWVHRLKGDFPQLTFVTNGGIRSLEEALFHLKRVDGVMLGRAVYEDPFVLEEADRRVFGLPRRPSRLEVARRMRAYLEEEVLKGTPPWAVLRHMLNLFRGRPKGRLWRRLLSEGRSLQALDRALRLMEEEVGE,chameleon,,,
1dnp_A,2.3,MODELLER,-,471,P00914,PHR_ECOLI,E. coli,Deoxyribodipyrimidine photo-lyase,True,True,True,True,False,52,6,42,RQAELINA,HHHHHHHH,RQAELINA,2lnj_A,EEEEEEEE,0.932,0.916,1.09,24.28,"e1dnpA1, e1dnpA2","""alpha complex topology"", ""a/b three-layered sandwiches""","182.1.1.1, 2005.1.1.129","201-469, 1-200","201-469, 1-200","""-"", ""HUP domain-like""","""Cryptochrome/photolyase FAD-binding domain-related"", ""-""","""Cryptochrome/photolyase FAD-binding domain"", ""HUP domains""","""FAD_binding_7"", ""DNA_photolyase""","1.10.579.10, 1.25.40.80, 3.40.50.620","289-469, 131-168,204-288, 1-130","289-469, 131-168,204-288, 1-130","""Mainly Alpha"", ""Mainly Alpha"", ""Alpha Beta""","""Orthogonal Bundle"", ""Alpha Horseshoe"", ""3-Layer(aba) Sandwich""","""DNA Cyclobutane Dipyrimidine Photolyase, subunit A; domain 3"", ""Serine Threonine Protein Phosphatase 5, Tetratricopeptide repeat"", ""Rossmann fold""","""DNA Cyclobutane Dipyrimidine Photolyase, subunit A, domain 3"", ""-"", ""HUPs""","201-469, 1-200","201-469, 1-200","""All alpha proteins"", ""Alpha and beta proteins (a/b)""","""Cryptochrome/photolyase FAD-binding domain"", ""Cryptochrome/photolyase, N-terminal domain""","""Cryptochrome/photolyase FAD-binding domain"", ""Cryptochrome/photolyase, N-terminal domain""","""Cryptochrome/photolyase FAD-binding domain"", ""Cryptochrome/photolyase, N-terminal domain""","Optimal • Dom. n°1, Optimal • Dom. n°2","****, ****","1-295, 296-471","1-295, 296-471",TTHLVWFRQDLRLHDNLALAAACRNSSARVLALYIATPRQWATHNMSPRQAELINAQLNGLQIALAEKGIPLLFREVDDFVASVEIVKQVCAENSVTHLFYNYQYEVNERARDVEVERALRNVVCEGFDDSVILPPGAVMTGNHEMYKVFTPFKNAWLKRLREGMPECVAAPKVRSSGSIEPSPSITLNYPRQSFDTAHFPVEEKAAIAQLRQFCQNGAGEYEQQRDFPAVEGTSRLSASLATGGLSPRQCLHRLLAEQPQALDGGAGSVWLNELIWREFYRHLITYHPSLCKHRPFIAWTDRVQWQSNPAHLQAWQEGKTGYPIVDAAMRQLNSTGWMHNRLRMITASFLVKDLLIDWREGERYFMSQLIDGDLAANNGGWQWAASTGTDAAPYFRIFNPTTQGEKFDHEGEFIRQWLPELRDVPGKVVHEPWKWAQKAGVTLDYPQPIVEHKEARVQTLAAYEAARKGK,chameleon,,,
3f13_A,1.7,MODELLER,-,163,Q7NWQ3,Q7NWQ3_CHRVO,C. violaceum,Nudix hydrolase domain-containing protein,True,True,True,True,False,28,28,44,VEGRAILR,HHHHHHHH,VEGRAILR,3cmb_A,EEEEEEEE,0.771,0.736,2.61,17.55,e3f13A1,"""a+b two layers""",221.4.1.31,11-156,10-155,"""beta-Grasp""","""-""","""Nudix""","""NUDIX""",3.90.79.10,11-156,10-155,"""Alpha Beta""","""Alpha-Beta Complex""","""Nucleoside Triphosphate Pyrophosphohydrolase""","""Nucleoside Triphosphate Pyrophosphohydrolase""",-,-,"""-""","""-""","""-""","""-""",Optimal • Dom. n°1,,1-163,2-164,MSLEDRKNERLPSDLARRATAIIEMPDGVLVTASRGGRYNLPGGKANRGELRSQALIREIREETGLRINSMLYLFDHITPFNAHKVYLCIAQGQPKPQNEIERIALVSSPDTDMDLFVEGRAILRRYARLRNEETAKGEALRALLGLARYIAKVDEGHHHHHH,chameleon,,,
2le1_A,-,-,-,151,Q47KK8,Q47KK8_THEFY,T. fusca,SRPBCC family protein,False,False,False,False,True,25,34,41,LVERLVER,EEEEEEEE,LVERLVER,2ztg_A,HHHHHHHH,0.853,0.843,1.31,15.98,e2le1A1,"""a+b two layers""",331.3.1.15,1-151,1-143,"""TBP-like""","""-""","""Bet v1-like""","""Polyketide_cyc2""",3.30.530.20,1-151,1-151,"""Alpha Beta""","""2-Layer Sandwich""","""Alpha-D-Glucose-1,6-Bisphosphate; Chain A, domain 4""","""-""",1-143,1-143,"""Alpha and beta proteins (a+b)""","""TBP-like""","""Bet v1-like""","""-""",Optimal • Dom. n°1,,1-151,1-151,MATLRRSVEVAAPAADVWTLVGDFSAIHRWHPQVSAPTLRGASPHTPGAERVFGAGTEEELVERLVERDESARRLVYTMPDPPFPITNHRAVLEVVPRDDRHCTVVWTAMFDCSPETARELESVIGDGVFAVGLNALAERYGRLEHHHHHH,chameleon,,,
2a6x_A,1.55,MODELLER,-,226,Q12396,EMP46_YEAST,S. cerevisiae,Protein EMP46,True,True,True,True,False,6,43,50,SVTAFLND,EEEEEEEE,SVTAFLND,1qcy_A,HHHHHHHH,0.903,0.907,1.0,17.02,e2a6xA1,"""beta sandwiches""",10.1.1.22,8-224,5-221,"""jelly-roll""","""Concanavalin A-like""","""Concanavalin A-like lectins/glucanases""","""Lectin_leg-like""",2.60.120.200,8-225,5-222,"""Mainly Beta""","""Sandwich""","""Jelly Rolls""","""-""",8-225,5-222,"""All beta proteins""","""Concanavalin A-like lectins/glucanases""","""Concanavalin A-like lectins/glucanases""","""Lectin leg-like""",Optimal • Dom. n°1,,1-226,4-229,GSDELKWNKGYSLPNLLEVTDQQKELSQWTLGDKVKLEEGRFVLTPGKNTKGSLWLKPEYSIKDAMTIEWTFRSFGFRGSTKGGLAFWLKQGNEGDSTELFGGSSKKFNGLMILLRLDDKLGESVTAFLNDGTKDLDIESSPYFASCLFQYQDSMVPSTLRLTYNPLDNHLLKLQMDNRVCFQTRKVKFMGSSPFRIGTSAINDASKESFEILKMKLYDGVIEDSL,chameleon,,,
3f6c_A,1.45,MODELLER,-,134,P0ACZ4,EVGA_ECOLI,E. coli,DNA-binding transcriptional activator EvgA,True,True,True,True,False,40,22,38,LAIAAIRN,HHHHHHHH,LAIAAIRN,3uoe_A,EEEEEEEE,0.829,0.863,1.53,14.43,e3f6cA1,"""a/b three-layered sandwiches""",2007.1.3.29,0-131,1-132,"""Flavodoxin-like""","""Class I glutamine amidotransferase-like""","""CheY-like""","""Response_reg""",3.40.50.2300,0-131,1-132,"""Alpha Beta""","""3-Layer(aba) Sandwich""","""Rossmann fold""","""-""",-,-,"""-""","""-""","""-""","""-""",Optimal • Dom. n°1,,1-134,0-133,SLNAIIIDDHPLAIAAIRNLLIKNDIEILAELTEGGSAVQRVETLKPDIVIIDVDIPGVNGIQVLETLRKRQYSGIIIIVSAKNDHFYGKHCADAGANGFVSKKEGMNNIIAAIEAAKNGYCYFPFSLNRFVGS,chameleon,,,
3nd2_A,2.4,-,-,861,Q06142,IMB1_YEAST,S. cerevisiae,Importin subunit beta-1,False,False,False,False,True,77,0,23,AVRLAALN,HHHHHHHH,AVRLAALN,2haz_A,EEEEEEEE,0.673,0.525,3.37,34.21,e3nd2A1,"""alpha superhelices""",109.4.1.1254,1-861,1-861,"""Repetitive alpha hairpins""","""-""","""ARM repeat""","""IBN_N""",1.25.10.10,1-861,1-861,"""Mainly Alpha""","""Alpha Horseshoe""","""Leucine-rich Repeat Variant""","""Leucine-rich Repeat Variant""",1-861,1-861,"""All alpha proteins""","""alpha-alpha superhelix""","""ARM repeat""","""Armadillo repeat""","Optimal • Dom. n°1, Optimal • Dom. n°2, Optimal • Dom. n°3, Optimal • Dom. n°4, Optimal • Dom. n°5, Optimal • Dom. n°6, Optimal • Dom. n°7","***, ***, ***, ***, ***, ***, ***","1-133, 134-247, 248-400, 401-542, 543-640, 641-768, 769-861","1-133, 134-247, 248-400, 401-542, 543-640, 641-768, 769-861",MSTAEFAQLLENSILSPDQNIRLTSETQLKKLSNDNFLQFAGLSSQVLIDENTKLEGRILAALTLKNELVSKDSVKTQQFAQRWITQVSPEAKNQIKTNALTALVSIEPRIANAAAQLIAAIADIELPHGAWPELMKIMVDNTGAEQPENVKRASLLALGYMCESADPQSQALVSSSNNILIAIVQGAQSTETSKAVRLAALNALADSLIFIKNNMEREGERNYLMQVVCEATQAEDIEVQAAAFGCLCKIMSLYYTFMKPYMEQALYALTIATMKSPNDKVASMTVEFWSTICEEEIDIAYELAQFPQSPLQSYNFALSSIKDVVPNLLNLLTRQNEDPEDDDWNVSMSAGACLQLFAQNCGNHILEPVLEFVEQNITADNWRNREAAVMAFGSIMDGPDKVQRTYYVHQALPSILNLMNDQSLQVKETTAWCIGRIADSVAESIDPQQHLPGVVQACLIGLQDHPKVATNCSWTIINLVEQLAEATPSPIYNFYPALVDGLIGAANRIDNEFNARASAFSALTTMVEYATDTVAETSASISTFVMDKLGQTMSVDENQLTLEDAQSLQELQSNILTVLAAVIRKSPSSVEPVADMLMGLFFRLLEKKDSAFIEDDVFYAISALAASLGKGFEKYLETFSPYLLKALNQVDSPVSITAVGFIADISNSLEEDFRRYSDAMMNVLAQMISNPNARRELKPAVLSVFGDIASNIGADFIPYLNDIMALCVAAQNTKPENGTLEALDYQIKVLEAVLDAYVGIVAGLHDKPEALFPYVGTIFQFIAQVAEDPQLYSEDATSRAAVGLIGDIAAMFPDGSIKQFYGQDWVIDYIKRTRSGQLFSQATKDTARWAREQQKRQLSL,chameleon,,,
3uoe_A,2.311,MODELLER,-,340,Q930Q4,Q930Q4_RHIME,R. meliloti,Dehydrogenase,True,True,True,True,False,44,18,38,LAIAAIRN,EEEEEEEE,LAIAAIRN,3f6c_A,HHHHHHHH,0.871,0.85,1.53,20.31,e3uoeA1,"""a+b three layers""",276.1.1.1,-5-333,24-356,"""-""","""-""","""L-sulfolactate dehydrogenase-like""","""Ldh_2""","1.10.1530.10, 3.30.60.50, 3.30.1370.60","-5-64,317-333, 178-221, 65-177,222-272","18-87,340-356, 201-244, 88-200,245-295","""Mainly Alpha"", ""Alpha Beta"", ""Alpha Beta""","""Orthogonal Bundle"", ""2-Layer Sandwich"", ""2-Layer Sandwich""","""Hypothetical Oxidoreductase Yiak; Chain"", ""Wheat Germ Agglutinin (Isolectin 2); domain 1"", ""Ribosomal Protein S8; Chain""","""-"", ""Hypothetical oxidoreductase yiak; domain 3"", ""Hypothetical oxidoreductase yiak; domain 2""",-,-,"""-""","""-""","""-""","""-""",Optimal • Dom. n°1,,1-340,-5-334,LYFQSMMRLPPARLRNLSVALLEKRGVPADSARLQANLLLEAELRGLPSHGLQRLPLLLSRLDKGLANPTTRGNGTWRRASFLSVDGERGLGPVVMMDAMRVTRRILKETGLAIAAIRNANHMGMLAYYAEAAARDGLIGIVMSTSEALVHPFGGTQALIGTNPVAIGIPAAGHPFVLDLATSIVSMGKINNHAMRGLAIPPGWAVDRDGRATTDPHAAQAGAIAPFGDAKGYGLGLAIELLVAALAGSNLAPDVNGTLDDIHPANKGDLLILIDPSAGAGSIPALAAYLDRLRLSRPLDPTQPVAIPGDGARARRAAAAKTGIELPQPLFDHLTALEAA,chameleon,,,
2wnr_A,2.65,MODELLER,-,271,O26778,RRP42_METTH,M. thermautotrophicus,Exosome complex component Rrp42,True,True,True,True,False,28,35,37,VLATVAAL,HHHHHHHH,VLATVAAL,1qhv_A,EEEEEEEE,0.857,0.81,1.52,21.15,"e2wnrA3, e2wnrA1","""a+b two layers"", ""a+b two layers""","212.1.1.99, 245.1.1.11","9-188, 188-269","9-188, 188-269","""-"", ""Ribonuclease PH domain 2-like""","""-"", ""-""","""Ribosomal protein S5 domain 2-like"", ""Ribonuclease PH domain 2""","""RNase_PH_2"", ""RNase_PH_C_1""",3.30.230.70,9-269,9-269,"""Alpha Beta""","""2-Layer Sandwich""","""Ribosomal Protein S5; domain 2""","""GHMP Kinase, N-terminal domain""","9-187, 188-269","9-187, 188-269","""Alpha and beta proteins (a+b)"", ""Alpha and beta proteins (a+b)""","""Ribosomal protein S5 domain 2-like"", ""Ribonuclease PH domain 2-like""","""Ribosomal protein S5 domain 2-like"", ""Ribonuclease PH domain 2-like""","""-"", ""-""",Optimal • Dom. n°1,,1-271,1-271,MVNKMDIIPEITRKSITDLINNKERIDGRSLHEFRDISIETGVISKAEGSSRVKLGNTQIIVGVKPQIGEPFPDTPEMGVILTNSELLPMASPTFEPGPPDERSVELSRVVDRCIRESRMIDLEKLCIIEGSKVWMLFLDLHIIDYDGNLFDAAVLATVAALLDTRIPAAEVEDGEVVINREKMQPLPVNRKALMCTFAKIGNEIVLDPSLEEEDILTARISIGVTEEGSICAMQKGGEGPLTRDDVLKAVSIAVEKVPQLIEYLDKSMTP,chameleon,,,
5c2i_A,1.89,-,-,468,Q8YWM0,Q8YWM0_NOSS1,N. sp.,Alr1585 protein,True,True,False,False,False,33,19,47,,,,,,0.967,0.965,0.74,22.54,"e5c2iA1, e5c2iA2","""a+b two layers"", ""a+b two layers""","304.4.1.72, 304.4.1.108","2-191, 192-469","1-190, 191-468","""Alpha-beta plaits"", ""Alpha-beta plaits""","""-"", ""-""","""Dimeric alpha+beta barrel"", ""Dimeric alpha+beta barrel""","""EfeB"", ""Dyp_perox_C""",-,-,-,"""-""","""-""","""-""","""-""",-,-,"""-""","""-""","""-""","""-""",Optimal • Dom. n°1,,1-468,2-469,ALTEKDLKNLPEDGIDSENPGKYRNLLNDLQGNILKGHGRDHSVHLFLQFKPEQVEVVKQWIQSFAQTYITSAKKQADEAFKYRQKGVSGDVFANFFLSRHGYEYLEIEPFQIPGDKPFRMGMKNEEIRSSLGDPKIATWELGFQSEIHALVLIADDDIVDLLQIVNQITQKLRQIAEIVHREDGFILRNQAGQIIEHFGFVHGVSQPLFMKRDVVRERVNNCDFDKWDPKAPLDSILVEDPNGNTKDSYGSYLVYRKLEQNVKAFREDQRKLAQKLNIQENLAGALIVGRFADGTPVTLSDIPTYAVTPTNNFNYDGDLAATKCPFHSHTRKTNPRGDTARLLTTDGHFDEAFKEERGHRITRRAVSYGENNPSKEPVSGSGLLFLCFQSNIENQFNFMQSRWANPQNFVQVNTGPDPLIGQPSGTQKWPKKWGEPETEEYNFQLWINMKGGEYFFAPSISFLKTLA,DPF,LLTTDGHF,HCCCCCCH,8.0
6y8q_A,1.83,-,-,195,Q8DZ36,Q8DZ36_STRA5,S. agalactiae serotype V,Abortive infection protein AbiGI,True,True,False,False,False,45,18,36,,,,,,0.767,0.732,1.32,20.06,-,"""-""",-,-,-,"""-""","""-""","""-""","""-""",-,-,-,"""-""","""-""","""-""","""-""",-,-,"""-""","""-""","""-""","""-""","Optimal • Dom. n°1, Optimal • Dom. n°2","****, ****","1-55, 56-195","1-55, 56-195",SKKEILLDFIEKNNGIVTNKDCKALGIPTIYLTRLEKEGIIFRVEKGIFLTQNGDYDEYYFFQYRFPKAIFSYISALYLQQFTDEIPQYFDVTVPRGYRFNTPPANLNIHFVSKEYSELGMTTVPTPMGNNVRVYDFERIICDFVIHREKIDSELFVKTLQSYGNYPKKNLAKLYEYATKMNTLEKVKQTLEVLI,DPF,RGYRFNTPPAN,CCCCCCCCCCC,11.0
5zdb_A,1.972,-,-,253,Q9RZM4,Q9RZM4_DEIRA,D. radiodurans,Microbial-type PARG catalytic domain-containing protein,True,True,False,False,False,44,19,37,,,,,,0.924,0.876,0.99,17.56,e5zdbA1,"""a/b three-layered sandwiches""",7529.1.1.8,29-281,1-253,"""-""","""-""","""Macro domain-like""","""DUF2263""",-,-,-,"""-""","""-""","""-""","""-""",-,-,"""-""","""-""","""-""","""-""",Optimal • Dom. n°1,,1-253,29-281,VRLPGLAAMRQGTRLFTPEQGEDLREALRRRRGSFQTTCEVTSETTFAAARRLREKASALAALNFASAKNPGGGFLGGAQAQEEDLCRGSGLYFSLTSPQAEPYYAVNRQSHSALYTDHLIYSPQVPIFRDDAGQLLPAPVPVNIITAPAPNAGAVAQSRPEQLPQVLPTLRERARRVLGVAAWMEQTHLVLGAWGCGVFRNDPAGVARTFRELLEGEAQGAFEHVTFAVLDNHPQHPTLGAFRRELESLCLP,DPF,GGGFLGGAQAQ,HHHHCCCCCCH,11.0
4iwb_A,1.75,-,-,165,O67803,FLAA_AQUAE,A. aeolicus,Flagellin,True,False,False,False,False,79,0,21,,,,,,0.944,0.932,0.72,16.37,e4iwbA1,"""alpha bundles""",601.13.1.3,2-166,1-165,"""Four-helical up-and-down bundle""","""-""","""Flagellar export chaperone FliS""","""FliS""",1.20.120.340,2-166,1-165,"""Mainly Alpha""","""Up-down Bundle""","""Four Helix Bundle (Hemerythrin (Met), subunit A)""","""Flagellar protein FliS""",-,-,"""-""","""-""","""-""","""-""",Optimal • Dom. n°1,,1-165,2-166,GRNVDFAKEMTEFTKYQIRMQSGVAMLAQANALPQLVLQLLRGAEAYFQNQVETATPLEQIILLYDKAIECLERAIEIYDQVNELEKRKEFVENIDRVYDIISALKSFLDHEKGKEIAKNLDTIYTIILNTLVKVDKTKEELQKILEILKDLREAWEEVKKKVHH,DPF,GAEAYFQNQ,CCCCCCCCC,9.0
5ktn_A,1.34,-,-,304,O57767,NADA_PYRHO,P. horikoshii,Quinolinate synthase,False,True,True,False,False,45,16,39,,,,,,0.93,0.91,0.91,20.23,"e5ktnA1, e5ktnA2, e5ktnA3","""a/b three-layered sandwiches"", ""a/b three-layered sandwiches"", ""a/b three-layered sandwiches""","7588.1.1.1, 7588.1.1.1, 7588.1.1.1","-3-78,261-300, 172-260, 79-171","1-82,265-304, 176-264, 83-175","""-"", ""-"", ""-""","""-"", ""-"", ""-""","""NadA-like/4-hydroxy-3-methylbut-2-enyl diphosphate reductase"", ""NadA-like/4-hydroxy-3-methylbut-2-enyl diphosphate reductase"", ""NadA-like/4-hydroxy-3-methylbut-2-enyl diphosphate reductase""","""NadA"", ""NadA"", ""NadA""","3.40.50.10800, 3.40.50.10800, 3.40.50.10800","84-170, 171-252, -3-77,259-281","88-174, 175-256, 1-81,263-285","""Alpha Beta"", ""Alpha Beta"", ""Alpha Beta""","""3-Layer(aba) Sandwich"", ""3-Layer(aba) Sandwich"", ""3-Layer(aba) Sandwich""","""Rossmann fold"", ""Rossmann fold"", ""Rossmann fold""","""NadA-like"", ""NadA-like"", ""NadA-like""",1-300,5-304,"""Alpha and beta proteins (a/b)""","""NadA-like""","""NadA-like""","""NadA-like""","Optimal • Dom. n°1, Optimal • Dom. n°2, Optimal • Dom. n°3","***, ***, ***","1-86,260-304, 87-173, 174-259","-3-82,256-300, 83-169, 170-255",GSFTMDLVEEILRLKEERNAIILAHNYQLPEVQDIADFIGDSLELARRATRVDADVIVFAGVDFMAETAKILNPDKVVLIPSREATCAMANMLKVEHILEAKRKYPNAPVVLYVNSTAEAKAYADVTVTSANAVEVVKKLDSDVVIFGPDKNLAHYVAKMTGKKIIPVPSKGHCYVHQKFTLDDVERAKKLHPNAKLMIHPECIPEVQEKADIIASTGGMIKRACEWDEWVVFTEREMVYRLRKLYPQKKFYPAREDAFCIGMKAITLKNIYESLKDMKYKVEVPEEIARKARKAIERMLEMSK,DPF,REATCAMANMLK,CCCCCCCHHHCC,12.0
1yfq_A,1.1,-,-,342,P26449,BUB3_YEAST,S. cerevisiae,Cell cycle arrest protein BUB3,False,False,True,False,False,2,49,49,,,,,,0.885,0.903,1.22,20.19,e1yfqA1,"""beta duplicates or obligate multimers""",5.1.4.40,1-342,1-342,"""beta-propeller-like""","""beta-propeller""","""7-bladed""","""ANAPC4_WD40_9""",2.130.10.10,1-342,1-342,"""Mainly Beta""","""7 Propeller""","""Methylamine Dehydrogenase; Chain H""","""YVTN repeat-like/Quinoprotein amine dehydrogenase""",1-341,1-341,"""All beta proteins""","""7-bladed beta-propeller""","""WD40 repeat-like""","""Cell cycle arrest protein BUB3""","Optimal • Dom. n°1, Optimal • Dom. n°2","***, ***","1-56,190-342, 57-189","1-56,190-342, 57-189",MQIVQIEQAPKDYISDIKIIPSKSLLLITSWDGSLTVYKFDIQAKNVDLLQSLRYKHPLLCCNFIDNTDLQIYVGTVQGEILKVDLIGSPSFQALTNNEANLGICRICKYGDDKLIAASWDGLIEVIDPRNYGDGVIAVKNLNSNNTKVKNKIFTMDTNSSRLIVGMNNSQVQWFRLPLCEDDNGTIEESGLKYQIRDVALLPKEQEGYACSSIDGRVAVEFFDDQGDDYNSSKRFAFRCHRLNLKDTNLAYPVNSIEFSPRHKFLYTAGSDGIISCWNLQTRKKIKNFAKFNEDSVVKIACSDNILCLATSDDTFKTNAAIDQTIELNASSIYIIFDYENP,DPF,DDQGDDYNS,CCCCCCCCC,9.0
4lev_A,1.952,-,-,369,Q8N884,CGAS_HUMAN,H. sapiens,Cyclic GMP-AMP synthase,True,False,True,False,False,42,17,41,,,,,,0.903,0.809,1.21,22.01,"e4levA4, e4levA3","""alpha arrays"", ""a+b three layers""","102.1.3.18, 316.1.1.40","396-522, 154-395","243-369, 1-242","""HhH/H2TH"", ""Nucleotidyltransferase-like""","""SAM/DNA-glycosylase"", ""-""","""PAP/OAS1 substrate-binding domain"", ""Nucleotidyltransferase""","""Mab-21_C"", ""Mab-21_N""","1.10.1410.40, 3.30.460.90","154-174,330-356,379-522, 175-329,357-378","1-21,177-203,226-369, 22-176,204-225","""Mainly Alpha"", ""Alpha Beta""","""Orthogonal Bundle"", ""2-Layer Sandwich""","""Poly(a)-polymerase, middle domain"", ""Beta Polymerase; domain 2""","""-"", ""-""",-,-,"""-""","""-""","""-""","""-""",Optimal • Dom. n°1,,1-369,154-522,FELDAAPGASKLRAVLEKLKLSRDDISTAAGMVKGVVDHLLLRLKCDSAFRGVGLLNTGSYYEHVKISAPNEFDVMFKLEVPRIQLEEYSNTRAYYFVKFKRNPKENPLSQFLEGEILSASKMLSKFRKIIKEEINDIKDTDVIMKRKRGGSPAVTLLISEKISVDITLALESKSSWPASTQEGLRIQNWLSAKVRKQLRLKPFYLVPKHAKEGNGFQEETWRLSFSHIEKEILNNHGKSKTCCENKEEKCCRKDCLKLMKYLLEQLKERFKDKKHLDKFSSYHVKTAFFHVCTQNPQDSQWDRKDLGLCFDNCVTYFLQCLRTEKLENYFIPEFNLFSSNLIDKRSKEFLTKQIEYERNNEFPVFDEF,DPF,AKEGNGFQ,EECCCCEE,8.0
3vzb_A,2.0,-,-,360,Q9NYA1,SPHK1_HUMAN,H. sapiens,Sphingosine kinase 1,True,True,True,False,False,30,30,39,,,,,,0.935,0.875,0.88,20.47,"e3vzbA1, e3vzbA2","""beta sandwiches"", ""a/b three-layered sandwiches""","4004.1.1.3, 2007.1.4.1","146-364, 5-145","142-360, 1-141","""-"", ""Flavodoxin-like""","""-"", ""Class I glutamine amidotransferase-like""","""NAD kinase beta sandwich domain-like"", ""Phosphofructokinase N-terminal domain""","""KOG1116"", ""DAGK_cat""","2.60.200.40, 3.40.50.10330","151-364, 5-150","147-360, 1-146","""Mainly Beta"", ""Alpha Beta""","""Sandwich"", ""3-Layer(aba) Sandwich""","""Tumour Suppressor Smad4"", ""Rossmann fold""","""-"", ""Probable inorganic polyphosphate/atp-NAD kinase; domain 1""",-,-,"""-""","""-""","""-""","""-""",Optimal • Dom. n°1,,1-360,5-364,AMGSGVLPRPCRVLVLLNPRGGKGKALQLFRSHVQPLLAEAEISFTLMLTERRNHARELVRSEELGRWDALVVMSGDGLMHEVVNGLMERPDWETAIQKPLCSLPAGSGNALAASLNHYAGYEQVTNEDLLTNCTLLLCRRLLSPMNLLSLHTASGLRLFSVLSLAWGFIADVDLESEKYRRLGEMRFTLGTFLRLAALRTYRGRLAYLPVGRVGSKTPASPVVVQQGPVDAHLVPLEEPVPSHWTVVPDEDFVLVLALLHSHLGSEMFAAPMGRCAAGVMHLFYVRAGVSRAMLLRLFLAMEKGRHMEYECPYLVYVPVVAFRLEPKDGKGVFAVDGELMVSEAVQGQVHPNYFWMVSG,DPF,VGSKTPASPVVV,CCCCCCCCCCCC,12.0
1x54_A,1.45,-,-,434,O57980,SYN_PYRHO,P. horikoshii,Asparagine--tRNA ligase,False,True,True,False,False,35,28,37,,,,,,0.757,0.708,2.46,26.94,"e1x54A1, e1x54A2","""beta barrels"", ""a+b three layers""","2.1.1.63, 314.1.1.5","1-104, 105-434","1-104, 105-434","""OB-fold"", ""-""","""-"", ""-""","""Nucleic acid-binding proteins"", ""Class II aaRS and biotin synthetases""","""tRNA_anti-codon"", ""tRNA-synt_2""","2.40.50.140, 3.30.930.10","1-104, 105-434","1-104, 105-434","""Mainly Beta"", ""Alpha Beta""","""Beta Barrel"", ""2-Layer Sandwich""","""OB fold (Dihydrolipoamide Acetyltransferase, E2P)"", ""BirA Bifunctional Protein; domain 2""","""Nucleic acid-binding proteins"", ""Bira Bifunctional Protein; Domain 2""","1-104, 105-434","1-104, 105-434","""All beta proteins"", ""Alpha and beta proteins (a+b)""","""OB-fold"", ""Class II aaRS and biotin synthetases""","""Nucleic acid-binding proteins"", ""Class II aaRS and biotin synthetases""","""-"", ""-""","Optimal • Dom. n°1, Optimal • Dom. n°2","*****, *****","1-104, 105-434","1-104, 105-434",MIEKVYCQEVKPELDGKKVRLAGWVYTNMRVGKKIFLWIRDSTGIVQAVVAKNVVGEETFEKAKKLGRESSVIVEGIVKADERAPGGAEVHVEKLEVIQAVSEFPIPENPEQASPELLLDYRHLHIRTPKASAIMKVKETLIMAAREWLLKDGWHEVFPPILVTGAVEGGATLFKLKYFDKYAYLSQSAQLYLEAAIFGLEKVWSLTPSFRAEKSRTRRHLTEFWHLELEAAWMDLWDIMKVEEELVSYMVQRTLELRKKEIEMFRDDLTTLKNTEPPFPRISYDEAIDILQSKGVNVEWGDDLGADEERVLTEEFDRPFFVYGYPKHIKAFYMKEDPNDPRKVLASDMLAPEGYGEIIGGSQREDDYDKLLNRILEEGMDPKDYEWYLDLRRYGSVPHSGFGLGVERLVAWVLKLDHIRWAALFPRTPARLYP,DPF,GAVEGGAT,CCCCCHHH,8.0
4ydr_A,1.6,-,-,304,F9VNG5,F9VNG5_SULTO,S. tokodaii,homoserine dehydrogenase,True,False,True,False,False,38,21,40,,,,,,0.929,0.943,0.83,19.93,"e4ydrA2, e4ydrA1","""a+b two layers"", ""a/b three-layered sandwiches""","298.1.1.10, 2003.1.1.46","134-304, 1-141","134-304, 1-141","""FwdE/GAPDH domain-like"", ""Rossmann-like""","""-"", ""Rossmann-related""","""Glyceraldehyde-3-phosphate dehydrogenase-like, C-terminal domain"", ""NAD(P)-binding Rossmann-fold domains""","""Homoserine_dh"", ""NAD_binding_3""","3.30.360.10, 3.40.50.720","144-280, 1-143,281-304","144-280, 1-143,281-304","""Alpha Beta"", ""Alpha Beta""","""2-Layer Sandwich"", ""3-Layer(aba) Sandwich""","""Dihydrodipicolinate Reductase; domain 2"", ""Rossmann fold""","""Dihydrodipicolinate Reductase; domain 2"", ""NAD(P)-binding Rossmann-like Domain""",-,-,"""-""","""-""","""-""","""-""","Optimal • Dom. n°1, Optimal • Dom. n°2","****, ****","1-143,284-304, 144-283","1-143,284-304, 144-283",MKLLLFGYGNVGKAFRKLLHEKRSPELNDVIIGGIVTRRGIMLQDKEDFTPDLEGDVFKAFEKIKPDIIVDVSSANYNNGEPSLSLYKEAIKDGVNIITTNKAPLALAFNEIFSLARSKGVKIGFQGTVMSGTPSINLYRVLPGSRVIKIRGILNGTTNFILTLMNKGVSFEEALKEAQRRGYAEEDPTLDINGFDAAAKITILANFMIGNSVTIKDVKFEGINRDLPKNEKIKLIAYADEKEVWVKPLPISQDDPLYNVDGVENALEITTDIQSILIRGPGAGPVNAAYGALSDLILLKRDCL,DPF,NRDLPKNEK,CCCCCCCCC,9.0
